feedback_id,customer_id,product_id,product_category,feedback_text,rating,submission_date,response_time_minutes,agent_notes
F0001,C101,P1001,Electronics,"The sound quality of the speakers is excellent, but connectivity drops intermittently.",4,2023-03-10,30,"Investigate intermittent connectivity issues."
F0002,C102,P1002,Home,"I loved the modern design of the lamp, although it feels a bit too fragile.",3,2023-03-11,45,"Assess material durability."
F0003,C103,P1003,Clothing,"The fabric is soft and comfortable, but the stitching could be improved.",2,2023-03-12,25,"Review production quality standards."
F0004,C104,P1004,Electronics,"Battery life exceeded expectations, lasting almost two days on a single charge.",5,2023-03-13,35,"No immediate action required."
F0005,C105,P1005,Food,"The packaging was messy, and the product tasted slightly stale.",1,2023-03-14,40,"Urgent quality check and supplier review needed."
F0006,C106,P1006,Clothing,"The jacket is stylish but seems to run small compared to standard sizes.",3,2023-03-15,20,"Check sizing guidelines and feedback consistency."
F0007,C107,P1007,Home,"The furniture has a modern look, yet the assembly instructions were confusing and incomplete.",4,2023-03-16,50,"Revise the user manual for clarity."
F0008,C108,P1008,Electronics,"The laptop offers great performance for the price, though it tends to overheat during extended use.",3,2023-03-17,30,"Monitor and address thermal performance."
F0009,C109,P1009,Food,"The dessert was delightful in taste, but the presentation left much to be desired.",4,2023-03-18,45,"Explore ways to improve visual appeal."
F0010,C110,P1010,Home,"The smart thermostat is user-friendly and energy-efficient; however, the mobile app interface could be more intuitive.",5,2023-03-19,25,"Forward feedback for app interface redesign."
F0011,C111,P1011,Sports,"The running shoes are lightweight and comfortable, but the soles wear out too quickly.",2,2023-03-20,35,"Consider reviewing sole durability."
F0012,C112,P1012,Books,"The novel is a page-turner with vivid characters; a must-read!",5,2023-03-21,20,"Highlight positive book reviews."
F0013,C113,P1013,Outdoor,"The camping tent is spacious, but the setup instructions were not clear.",3,2023-03-22,40,"Improve assembly instructions clarity."
F0014,C114,P1014,Toys,"The building blocks set is very engaging and fun for kids.",5,2023-03-23,15,"No issues, positive feedback."
F0015,C115,P1015,Beauty,"The skincare cream worked wonders, but the scent is too strong.",4,2023-03-24,25,"Look into alternative scent options."
F0016,C116,P1016,Electronics,"The smart watch is feature-rich; however, the battery drains rapidly.",2,2023-03-25,30,"Investigate battery performance."
F0017,C117,P1017,Home,"The vacuum cleaner is powerful, but it is quite noisy.",3,2023-03-26,50,"Consider noise reduction solutions."
F0018,C118,P1018,Clothing,"The t-shirt fabric is very soft and fits perfectly.",5,2023-03-27,20,"Positive note, no changes needed."
F0019,C119,P1019,Food,"The coffee tasted burnt and bitter.",1,2023-03-28,35,"Immediate quality review recommended."
F0020,C120,P1020,Electronics,"The tablet performs smoothly but the screen brightness is low in sunlight.",3,2023-03-29,40,"Adjust display settings for sunlight."
F0021,C121,P1021,Books,"The cookbook is filled with creative recipes and beautiful images.",5,2023-03-30,25,"Feature recipes in promotional materials."
F0022,C122,P1022,Outdoor,"The hiking backpack is durable and comfortable, but the zippers are flimsy.",2,2023-03-31,30,"Consider reinforcing zipper quality."
F0023,C123,P1023,Toys,"The remote-controlled car is fast and fun, yet it struggles on uneven surfaces.",3,2023-04-01,45,"Test and improve traction."
F0024,C124,P1024,Beauty,"The lipstick color is vibrant and long-lasting.",5,2023-04-02,20,"Excellent product feedback."
F0025,C125,P1025,Electronics,"The wireless earbuds deliver clear sound but sometimes disconnect.",3,2023-04-03,30,"Investigate connection stability."
F0026,C126,P1026,Home,"The blender is efficient, yet it is a bit noisy during operation.",3,2023-04-04,35,"Check for potential noise dampening."
F0027,C127,P1027,Clothing,"The jeans fit well and are comfortable, though the color faded quickly.",2,2023-04-05,40,"Review dyeing process."
F0028,C128,P1028,Food,"The snack packaging is attractive, but the product inside is stale.",1,2023-04-06,30,"Urgent product review required."
F0029,C129,P1029,Sports,"The soccer ball has a good grip and bounce.",4,2023-04-07,25,"Positive feedback overall."
F0030,C130,P1030,Books,"The biography was insightful and well-researched.",5,2023-04-08,20,"Recommend for literary features."
F0031,C131,P1031,Outdoor,"The portable grill is easy to use but takes a long time to heat up.",2,2023-04-09,35,"Check heating efficiency."
F0032,C132,P1032,Toys,"The puzzle game is challenging and fun.",4,2023-04-10,30,"Well-received by customers."
F0033,C133,P1033,Beauty,"The perfume has a subtle, pleasant fragrance.",5,2023-04-11,20,"No issues, customer satisfied."
F0034,C134,P1034,Electronics,"The digital camera is high-quality but the autofocus is slow.",3,2023-04-12,40,"Investigate autofocus performance."
F0035,C135,P1035,Home,"The coffee maker brews quickly, though it sometimes leaks.",2,2023-04-13,35,"Review sealing mechanism."
F0036,C136,P1036,Clothing,"The sweater is warm and cozy, but the material pilled after a few washes.",2,2023-04-14,25,"Test material durability."
F0037,C137,P1037,Food,"The frozen meal was convenient but lacked flavor.",3,2023-04-15,30,"Assess seasoning levels."
F0038,C138,P1038,Electronics,"The gaming console offers immersive gameplay, though it occasionally freezes.",3,2023-04-16,40,"Monitor performance issues."
F0039,C139,P1039,Home,"The air purifier works effectively, but the filter is expensive to replace.",3,2023-04-17,35,"Evaluate long-term maintenance costs."
F0040,C140,P1040,Books,"The graphic novel features stunning artwork and compelling storytelling.",5,2023-04-18,20,"Highlight artwork quality."
F0041,C141,P1041,Outdoor,"The electric bike is powerful, yet the battery life is disappointing.",2,2023-04-19,45,"Research battery improvements."
F0042,C142,P1042,Toys,"The board game is fun and engaging, though the rules could be explained more clearly.",3,2023-04-20,30,"Improve rulebook clarity."
F0043,C143,P1043,Beauty,"The hair serum improves shine but leaves a greasy residue.",2,2023-04-21,25,"Look into non-greasy formulas."
F0044,C144,P1044,Electronics,"The smart speaker delivers clear sound, but voice recognition is inconsistent.",3,2023-04-22,30,"Test voice command reliability."
F0045,C145,P1045,Home,"The rug is beautifully designed, but the material stains easily.",2,2023-04-23,35,"Consider stain-resistant materials."
F0046,C146,P1046,Clothing,"The dress fits perfectly and is flattering, though it wrinkles quickly.",3,2023-04-24,25,"Investigate fabric wrinkle resistance."
F0047,C147,P1047,Food,"The ice cream was creamy and delicious, yet the cone was soggy.",4,2023-04-25,30,"Evaluate cone quality."
F0048,C148,P1048,Sports,"The tennis racket is lightweight and offers great control.",5,2023-04-26,20,"Positive feedback on performance."
F0049,C149,P1049,Books,"The mystery novel was engaging, but some plot twists felt forced.",3,2023-04-27,30,"Refine narrative consistency."
F0050,C150,P1050,Outdoor,"The hiking shoes are comfortable on rugged terrain but scuff easily.",3,2023-04-28,35,"Look into more durable materials."
F0051,C151,P1051,Toys,"The doll is charming and well-crafted, though it lacks some accessories.",4,2023-04-29,25,"Consider adding more accessories."
F0052,C152,P1052,Beauty,"The foundation offers great coverage but feels heavy on the skin.",3,2023-04-30,30,"Assess lighter formulation options."
F0053,C153,P1053,Electronics,"The smartwatch integrates well with apps, yet its interface is clunky.",3,2023-05-01,30,"Review UI/UX design."
F0054,C154,P1054,Home,"The air fryer cooks food evenly but can be a bit noisy.",4,2023-05-02,35,"Monitor noise levels."
F0055,C155,P1055,Clothing,"The hat is stylish and comfortable, but the color fades after washing.",2,2023-05-03,25,"Investigate color fastness."
F0056,C156,P1056,Food,"The snack bar is a good source of energy, but it's too sweet.",3,2023-05-04,30,"Review sugar content."
F0057,C157,P1057,Sports,"The yoga mat is non-slip and durable, ideal for daily workouts.",5,2023-05-05,20,"Highly positive feedback."
F0058,C158,P1058,Books,"The science fiction novel is imaginative, but the pacing felt uneven.",3,2023-05-06,25,"Examine narrative flow."
F0059,C159,P1059,Outdoor,"The portable hammock is comfortable and easy to set up, but it doesn't come with a rain cover.",3,2023-05-07,30,"Consider adding weatherproof accessories."
F0060,C160,P1060,Toys,"The remote-controlled drone is fun and innovative, though its battery life is limited.",3,2023-05-08,35,"Investigate battery improvements."
